{"textures": {"layer0": "realisticsurvival:item/spartanandfire/dragonbone_flamed_crossbow_standby"}, "overrides": [

{"predicate": {"pulling": 1}, "model": "realisticsurvival:item/iceandfire/dragonbone_flamed_crossbow_pulling_0"}, 
{"predicate": {"pull": 0.65, "pulling": 1}, "model": "realisticsurvival:item/spartanandfire/dragonbone_flamed_crossbow_pulling_1"}, 
{"predicate": {"pull": 0.9, "pulling": 1}, "model": "realisticsurvival:item/spartanandfire/dragonbone_flamed_crossbow_pulling_2"}, 
{"predicate": {"pull": 1.0, "pulling": 0}, "model": "realisticsurvival:item/spartanandfire/dragonbone_flamed_crossbow_loaded"}, 
{"predicate": {"pull": 1.0, "pulling": 1}, "model": "realisticsurvival:item/spartanandfire/dragonbone_flamed_crossbow_firing"}
], 
"parent": "realisticsurvival:item/spartanweaponry/wooden_crossbow_standby"}